{"cameraMode":{"drawMode":0,"name":"Shaded","section":"Shading Mode"},"sceneLighting":true,"audioPlay":false,"sceneViewState":{"showFog":true,"showMaterialUpdate":false,"showSkybox":true,"showFlares":true,"showImageEffects":true,"showParticleSystems":true},"in2DMode":false,"pivot":{"x":4.76837158203125e-7,"y":-0.049999989569187167,"z":0.0},"rotation":{"x":-0.3752300441265106,"y":-0.0702524185180664,"z":0.028538750484585763,"w":-0.9238330125808716},"size":11.244705200195313,"orthographic":false}